<?xml version="1.0"?>
<configuration>
    <appender name="SERVICE" class="ch.qos.logback.core.FileAppender">
        <file>E:/kidolaa-service.log</file>
        <append>true</append>
        <encoder>
            <pattern>%d %-4relative [%thread] %-5level %logger{35} - %msg %n</pattern>
        </encoder>
    </appender>
    <appender name="DAO" class="ch.qos.logback.core.FileAppender">
        <file>E:/kidolaa-dao.log</file>
        <append>true</append>
        <encoder>
            <pattern>%d %-4relative [%thread] %-5level %logger{35} - %msg %n</pattern>
        </encoder>
    </appender>
    
    <appender name="CTRL" class="ch.qos.logback.core.FileAppender">
        <file>E:/kidolaa-controller.log</file>
        <append>true</append>
        <encoder>
            <pattern>%d %-4relative [%thread] %-5level %logger{35} - %msg %n</pattern>
        </encoder>
    </appender>
    <!-- additivity=false ensures analytics data only goes to the analytics log -->
    <logger name="com.legalcraft.kidolaa.service.impl" level="DEBUG" additivity="false">
        <appender-ref ref="SERVICE"/>
    </logger>
    
    <logger name="com.legalcraft.kidolaa.dao.impl" level="DEBUG" additivity="false">
        <appender-ref ref="DAO"/>
    </logger>
    
     <logger name="com.legalcraft.kidolaa.controller" level="DEBUG" additivity="false">
        <appender-ref ref="CTRL"/>
    </logger>
    
    <root level="info">
        <appender-ref ref="SERVICE"/>
        <appender-ref ref="DAO"/>
        <appender-ref ref="CTRL"/>
    </root>
</configuration>